<?xml version="1.0" encoding="utf-8"?>
<manifest identifier="ZaWn3eomnRNea" xmlns="http://www.imsproject.org/xsd/imscp_rootv1p1p2" xmlns:adlcp="http://www.adlnet.org/xsd/adlcp_rootv1p2" xmlns:xsi="http://www.w3.org/2001/XMLSchema-instance" xmlns:lom="http://www.imsglobal.org/xsd/imsmd_rootv1p2p1" xsi:schemaLocation="http://www.imsproject.org/xsd/imscp_rootv1p1p2 imscp_rootv1p1p2.xsd http://www.imsglobal.org/xsd/imsmd_rootv1p2p1 imsmd_rootv1p2p1.xsd http://www.adlnet.org/xsd/adlcp_rootv1p2 adlcp_rootv1p2.xsd">
<metadata>
<schema>ADL SCORM</schema>
<schemaversion>1.2</schemaversion>
<lom:lom>
<lom:general>
<lom:title>
<lom:langstring>303</lom:langstring>
</lom:title>
</lom:general>
<lom:educational>
<lom:typicallearningtime>
<lom:datetime>01:00:00</lom:datetime>
</lom:typicallearningtime>
</lom:educational>
</lom:lom>
</metadata>
<organizations default="303_organization">
<organization identifier="303_organization">
<title>303</title>
<item identifier="D8031C97-25DC-4155-9981-E18032E11B70" identifierref="resource">
<title>303</title>
</item>
</organization>
</organizations>
<resources>
<resource identifier="resource" type="webcontent" adlcp:scormtype="sco" href="res/index.html">
<file href="res/index.html"/>
<file href="res/lms.js"/>
<file href="res/data/thmb1.png"/>
<file href="res/data/slide1.js"/>
<file href="res/data/slide1.css"/>
<file href="res/data.local-only/slide1.js"/>
<file href="res/data/thmb2.png"/>
<file href="res/data/slide2.js"/>
<file href="res/data/slide2.css"/>
<file href="res/data.local-only/slide2.js"/>
<file href="res/data/thmb3.png"/>
<file href="res/data/slide3.js"/>
<file href="res/data/slide3.css"/>
<file href="res/data.local-only/slide3.js"/>
<file href="res/data/thmb4.png"/>
<file href="res/data/slide4.js"/>
<file href="res/data/slide4.css"/>
<file href="res/data.local-only/slide4.js"/>
<file href="res/data/thmb5.png"/>
<file href="res/data/slide5.js"/>
<file href="res/data/slide5.css"/>
<file href="res/data.local-only/slide5.js"/>
<file href="res/data/thmb6.png"/>
<file href="res/data/slide6.js"/>
<file href="res/data/slide6.css"/>
<file href="res/data.local-only/slide6.js"/>
<file href="res/data/thmb7.png"/>
<file href="res/data/slide7.js"/>
<file href="res/data/slide7.css"/>
<file href="res/data.local-only/slide7.js"/>
<file href="res/data/thmb8.png"/>
<file href="res/data/slide8.js"/>
<file href="res/data/slide8.css"/>
<file href="res/data.local-only/slide8.js"/>
<file href="res/data/thmb9.png"/>
<file href="res/data/slide9.js"/>
<file href="res/data/slide9.css"/>
<file href="res/data.local-only/slide9.js"/>
<file href="res/data/thmb10.png"/>
<file href="res/data/slide10.js"/>
<file href="res/data/slide10.css"/>
<file href="res/data.local-only/slide10.js"/>
<file href="res/data/thmb11.png"/>
<file href="res/data/slide11.js"/>
<file href="res/data/slide11.css"/>
<file href="res/data.local-only/slide11.js"/>
<file href="res/data/thmb12.png"/>
<file href="res/data/slide12.js"/>
<file href="res/data/slide12.css"/>
<file href="res/data.local-only/slide12.js"/>
<file href="res/data/thmb13.png"/>
<file href="res/data/slide13.js"/>
<file href="res/data/slide13.css"/>
<file href="res/data.local-only/slide13.js"/>
<file href="res/data/thmb14.png"/>
<file href="res/data/slide14.js"/>
<file href="res/data/slide14.css"/>
<file href="res/data.local-only/slide14.js"/>
<file href="res/data/thmb15.png"/>
<file href="res/data/slide15.js"/>
<file href="res/data/slide15.css"/>
<file href="res/data.local-only/slide15.js"/>
<file href="res/data/thmb16.png"/>
<file href="res/data/slide16.js"/>
<file href="res/data/slide16.css"/>
<file href="res/data.local-only/slide16.js"/>
<file href="res/data/thmb17.png"/>
<file href="res/data/slide17.js"/>
<file href="res/data/slide17.css"/>
<file href="res/data.local-only/slide17.js"/>
<file href="res/data/thmb18.png"/>
<file href="res/data/slide18.js"/>
<file href="res/data/slide18.css"/>
<file href="res/data.local-only/slide18.js"/>
<file href="res/data/thmb19.png"/>
<file href="res/data/slide19.js"/>
<file href="res/data/slide19.css"/>
<file href="res/data.local-only/slide19.js"/>
<file href="res/data/thmb20.png"/>
<file href="res/data/slide20.js"/>
<file href="res/data/slide20.css"/>
<file href="res/data.local-only/slide20.js"/>
<file href="res/data/thmb21.png"/>
<file href="res/data/slide21.js"/>
<file href="res/data/slide21.css"/>
<file href="res/data.local-only/slide21.js"/>
<file href="res/data/thmb22.png"/>
<file href="res/data/slide22.js"/>
<file href="res/data/slide22.css"/>
<file href="res/data.local-only/slide22.js"/>
<file href="res/data/thmb23.png"/>
<file href="res/data/slide23.js"/>
<file href="res/data/slide23.css"/>
<file href="res/data.local-only/slide23.js"/>
<file href="res/data/thmb24.png"/>
<file href="res/data/slide24.js"/>
<file href="res/data/slide24.css"/>
<file href="res/data.local-only/slide24.js"/>
<file href="res/data/thmb25.png"/>
<file href="res/data/slide25.js"/>
<file href="res/data/slide25.css"/>
<file href="res/data.local-only/slide25.js"/>
<file href="res/data/thmb26.png"/>
<file href="res/data/slide26.js"/>
<file href="res/data/slide26.css"/>
<file href="res/data.local-only/slide26.js"/>
<file href="res/data/thmb27.png"/>
<file href="res/data/slide27.js"/>
<file href="res/data/slide27.css"/>
<file href="res/data.local-only/slide27.js"/>
<file href="res/data/thmb28.png"/>
<file href="res/data/slide28.js"/>
<file href="res/data/slide28.css"/>
<file href="res/data.local-only/slide28.js"/>
<file href="res/data/thmb29.png"/>
<file href="res/data/slide29.js"/>
<file href="res/data/slide29.css"/>
<file href="res/data.local-only/slide29.js"/>
<file href="res/data/thmb30.png"/>
<file href="res/data/slide30.js"/>
<file href="res/data/slide30.css"/>
<file href="res/data.local-only/slide30.js"/>
<file href="res/data/thmb31.png"/>
<file href="res/data/slide31.js"/>
<file href="res/data/slide31.css"/>
<file href="res/data.local-only/slide31.js"/>
<file href="res/data/thmb32.png"/>
<file href="res/data/slide32.js"/>
<file href="res/data/slide32.css"/>
<file href="res/data.local-only/slide32.js"/>
<file href="res/data/thmb33.png"/>
<file href="res/data/slide33.js"/>
<file href="res/data/slide33.css"/>
<file href="res/data.local-only/slide33.js"/>
<file href="res/data/thmb34.png"/>
<file href="res/data/slide34.js"/>
<file href="res/data/slide34.css"/>
<file href="res/data.local-only/slide34.js"/>
<file href="res/data/thmb35.png"/>
<file href="res/data/slide35.js"/>
<file href="res/data/slide35.css"/>
<file href="res/data.local-only/slide35.js"/>
<file href="res/data/thmb36.png"/>
<file href="res/data/slide36.js"/>
<file href="res/data/slide36.css"/>
<file href="res/data.local-only/slide36.js"/>
<file href="res/data/thmb37.png"/>
<file href="res/data/slide37.js"/>
<file href="res/data/slide37.css"/>
<file href="res/data.local-only/slide37.js"/>
<file href="res/index.html"/>
<file href="res/data/player.js"/>
<file href="res/data/eraser.cur"/>
<file href="res/data/highlighter.cur"/>
<file href="res/data/marker.cur"/>
<file href="res/data/lock.cur"/>
<file href="res/data/browsersupport.js"/>
<file href="res/data/apple-touch-icon.png"/>
<file href="res/data/favicon.ico"/>
<file href="res/data/fnt0.woff"/>
<file href="res/data/fnt1.woff"/>
<file href="res/data/fnt2.woff"/>
<file href="res/data/fnt3.woff"/>
<file href="res/data/fnt4.woff"/>
<file href="res/data/html5-unsupported.html"/>
<file href="res/data/img0.svg"/>
<file href="res/data/img1.svg"/>
<file href="res/data/img10.svg"/>
<file href="res/data/img100.svg"/>
<file href="res/data/img101.svg"/>
<file href="res/data/img102.svg"/>
<file href="res/data/img103.svg"/>
<file href="res/data/img104.svg"/>
<file href="res/data/img105.png"/>
<file href="res/data/img106.jpg"/>
<file href="res/data/img107.svg"/>
<file href="res/data/img108.svg"/>
<file href="res/data/img109.svg"/>
<file href="res/data/img11.svg"/>
<file href="res/data/img110.svg"/>
<file href="res/data/img111.svg"/>
<file href="res/data/img112.svg"/>
<file href="res/data/img113.svg"/>
<file href="res/data/img114.svg"/>
<file href="res/data/img115.svg"/>
<file href="res/data/img116.png"/>
<file href="res/data/img117.png"/>
<file href="res/data/img118.png"/>
<file href="res/data/img119.png"/>
<file href="res/data/img12.svg"/>
<file href="res/data/img120.png"/>
<file href="res/data/img121.png"/>
<file href="res/data/img122.png"/>
<file href="res/data/img123.png"/>
<file href="res/data/img124.png"/>
<file href="res/data/img125.jpg"/>
<file href="res/data/img126.png"/>
<file href="res/data/img127.png"/>
<file href="res/data/img128.png"/>
<file href="res/data/img129.png"/>
<file href="res/data/img13.svg"/>
<file href="res/data/img130.png"/>
<file href="res/data/img131.png"/>
<file href="res/data/img132.png"/>
<file href="res/data/img133.svg"/>
<file href="res/data/img134.png"/>
<file href="res/data/img135.svg"/>
<file href="res/data/img136.svg"/>
<file href="res/data/img137.svg"/>
<file href="res/data/img138.svg"/>
<file href="res/data/img139.jpg"/>
<file href="res/data/img14.png"/>
<file href="res/data/img140.png"/>
<file href="res/data/img141.png"/>
<file href="res/data/img142.png"/>
<file href="res/data/img143.png"/>
<file href="res/data/img144.jpg"/>
<file href="res/data/img145.jpg"/>
<file href="res/data/img146.png"/>
<file href="res/data/img147.svg"/>
<file href="res/data/img148.svg"/>
<file href="res/data/img149.png"/>
<file href="res/data/img15.png"/>
<file href="res/data/img150.png"/>
<file href="res/data/img151.png"/>
<file href="res/data/img152.png"/>
<file href="res/data/img153.png"/>
<file href="res/data/img154.jpg"/>
<file href="res/data/img155.jpg"/>
<file href="res/data/img156.jpg"/>
<file href="res/data/img157.jpg"/>
<file href="res/data/img158.jpg"/>
<file href="res/data/img159.jpg"/>
<file href="res/data/img16.png"/>
<file href="res/data/img160.jpg"/>
<file href="res/data/img161.jpg"/>
<file href="res/data/img162.jpg"/>
<file href="res/data/img163.png"/>
<file href="res/data/img164.png"/>
<file href="res/data/img165.png"/>
<file href="res/data/img166.png"/>
<file href="res/data/img167.png"/>
<file href="res/data/img168.png"/>
<file href="res/data/img169.svg"/>
<file href="res/data/img17.png"/>
<file href="res/data/img170.svg"/>
<file href="res/data/img171.png"/>
<file href="res/data/img172.svg"/>
<file href="res/data/img173.png"/>
<file href="res/data/img174.png"/>
<file href="res/data/img175.jpg"/>
<file href="res/data/img176.png"/>
<file href="res/data/img177.png"/>
<file href="res/data/img178.png"/>
<file href="res/data/img179.png"/>
<file href="res/data/img18.png"/>
<file href="res/data/img180.png"/>
<file href="res/data/img181.png"/>
<file href="res/data/img182.jpg"/>
<file href="res/data/img183.jpg"/>
<file href="res/data/img184.png"/>
<file href="res/data/img185.png"/>
<file href="res/data/img186.png"/>
<file href="res/data/img187.png"/>
<file href="res/data/img188.png"/>
<file href="res/data/img189.png"/>
<file href="res/data/img19.png"/>
<file href="res/data/img190.png"/>
<file href="res/data/img191.jpg"/>
<file href="res/data/img192.png"/>
<file href="res/data/img193.png"/>
<file href="res/data/img194.png"/>
<file href="res/data/img195.png"/>
<file href="res/data/img196.jpg"/>
<file href="res/data/img197.png"/>
<file href="res/data/img198.png"/>
<file href="res/data/img199.png"/>
<file href="res/data/img2.svg"/>
<file href="res/data/img20.svg"/>
<file href="res/data/img200.png"/>
<file href="res/data/img201.png"/>
<file href="res/data/img202.png"/>
<file href="res/data/img203.png"/>
<file href="res/data/img204.png"/>
<file href="res/data/img205.png"/>
<file href="res/data/img206.png"/>
<file href="res/data/img207.png"/>
<file href="res/data/img208.png"/>
<file href="res/data/img209.png"/>
<file href="res/data/img21.svg"/>
<file href="res/data/img210.png"/>
<file href="res/data/img211.png"/>
<file href="res/data/img212.png"/>
<file href="res/data/img213.png"/>
<file href="res/data/img22.svg"/>
<file href="res/data/img23.svg"/>
<file href="res/data/img24.svg"/>
<file href="res/data/img25.svg"/>
<file href="res/data/img26.png"/>
<file href="res/data/img27.jpg"/>
<file href="res/data/img28.png"/>
<file href="res/data/img29.png"/>
<file href="res/data/img3.svg"/>
<file href="res/data/img30.png"/>
<file href="res/data/img31.png"/>
<file href="res/data/img32.png"/>
<file href="res/data/img33.png"/>
<file href="res/data/img34.png"/>
<file href="res/data/img35.png"/>
<file href="res/data/img36.png"/>
<file href="res/data/img37.png"/>
<file href="res/data/img38.png"/>
<file href="res/data/img39.svg"/>
<file href="res/data/img4.svg"/>
<file href="res/data/img40.svg"/>
<file href="res/data/img41.svg"/>
<file href="res/data/img42.svg"/>
<file href="res/data/img43.svg"/>
<file href="res/data/img44.png"/>
<file href="res/data/img45.png"/>
<file href="res/data/img46.png"/>
<file href="res/data/img47.png"/>
<file href="res/data/img48.png"/>
<file href="res/data/img49.jpg"/>
<file href="res/data/img5.svg"/>
<file href="res/data/img50.png"/>
<file href="res/data/img51.svg"/>
<file href="res/data/img52.svg"/>
<file href="res/data/img53.svg"/>
<file href="res/data/img54.svg"/>
<file href="res/data/img55.svg"/>
<file href="res/data/img56.svg"/>
<file href="res/data/img57.svg"/>
<file href="res/data/img58.svg"/>
<file href="res/data/img59.png"/>
<file href="res/data/img6.png"/>
<file href="res/data/img60.png"/>
<file href="res/data/img61.png"/>
<file href="res/data/img62.png"/>
<file href="res/data/img63.png"/>
<file href="res/data/img64.svg"/>
<file href="res/data/img65.svg"/>
<file href="res/data/img66.svg"/>
<file href="res/data/img67.svg"/>
<file href="res/data/img68.svg"/>
<file href="res/data/img69.svg"/>
<file href="res/data/img7.svg"/>
<file href="res/data/img70.png"/>
<file href="res/data/img71.svg"/>
<file href="res/data/img72.svg"/>
<file href="res/data/img73.svg"/>
<file href="res/data/img74.svg"/>
<file href="res/data/img75.png"/>
<file href="res/data/img76.png"/>
<file href="res/data/img77.jpg"/>
<file href="res/data/img78.png"/>
<file href="res/data/img79.png"/>
<file href="res/data/img8.svg"/>
<file href="res/data/img80.svg"/>
<file href="res/data/img81.svg"/>
<file href="res/data/img82.svg"/>
<file href="res/data/img83.jpg"/>
<file href="res/data/img84.png"/>
<file href="res/data/img85.png"/>
<file href="res/data/img86.png"/>
<file href="res/data/img87.png"/>
<file href="res/data/img88.png"/>
<file href="res/data/img89.png"/>
<file href="res/data/img9.svg"/>
<file href="res/data/img90.png"/>
<file href="res/data/img91.png"/>
<file href="res/data/img92.png"/>
<file href="res/data/img93.png"/>
<file href="res/data/img94.png"/>
<file href="res/data/img95.svg"/>
<file href="res/data/img96.svg"/>
<file href="res/data/img97.svg"/>
<file href="res/data/img98.svg"/>
<file href="res/data/img99.svg"/>
<file href="res/data/goodbye.html"/>
</resource>
</resources>
</manifest>
