<?xml version="1.0" encoding="utf-8"?>
<manifest identifier="ssNKkgcWL8PPs" xmlns="http://www.imsproject.org/xsd/imscp_rootv1p1p2" xmlns:adlcp="http://www.adlnet.org/xsd/adlcp_rootv1p2" xmlns:xsi="http://www.w3.org/2001/XMLSchema-instance" xmlns:lom="http://www.imsglobal.org/xsd/imsmd_rootv1p2p1" xsi:schemaLocation="http://www.imsproject.org/xsd/imscp_rootv1p1p2 imscp_rootv1p1p2.xsd http://www.imsglobal.org/xsd/imsmd_rootv1p2p1 imsmd_rootv1p2p1.xsd http://www.adlnet.org/xsd/adlcp_rootv1p2 adlcp_rootv1p2.xsd">
<metadata>
<schema>ADL SCORM</schema>
<schemaversion>1.2</schemaversion>
<lom:lom>
<lom:general>
<lom:title>
<lom:langstring>302</lom:langstring>
</lom:title>
</lom:general>
<lom:educational>
<lom:typicallearningtime>
<lom:datetime>01:00:00</lom:datetime>
</lom:typicallearningtime>
</lom:educational>
</lom:lom>
</metadata>
<organizations default="302_organization">
<organization identifier="302_organization">
<title>302</title>
<item identifier="AACCF693-9A4D-4C0F-89AD-145E18B4C8B9" identifierref="resource">
<title>302</title>
</item>
</organization>
</organizations>
<resources>
<resource identifier="resource" type="webcontent" adlcp:scormtype="sco" href="res/index.html">
<file href="res/index.html"/>
<file href="res/lms.js"/>
<file href="res/data/thmb1.png"/>
<file href="res/data/slide1.js"/>
<file href="res/data/slide1.css"/>
<file href="res/data.local-only/slide1.js"/>
<file href="res/data/thmb2.png"/>
<file href="res/data/slide2.js"/>
<file href="res/data/slide2.css"/>
<file href="res/data.local-only/slide2.js"/>
<file href="res/data/thmb3.png"/>
<file href="res/data/slide3.js"/>
<file href="res/data/slide3.css"/>
<file href="res/data.local-only/slide3.js"/>
<file href="res/data/thmb4.png"/>
<file href="res/data/slide4.js"/>
<file href="res/data/slide4.css"/>
<file href="res/data.local-only/slide4.js"/>
<file href="res/data/thmb5.png"/>
<file href="res/data/slide5.js"/>
<file href="res/data/slide5.css"/>
<file href="res/data.local-only/slide5.js"/>
<file href="res/data/thmb6.png"/>
<file href="res/data/slide6.js"/>
<file href="res/data/slide6.css"/>
<file href="res/data.local-only/slide6.js"/>
<file href="res/data/thmb7.png"/>
<file href="res/data/slide7.js"/>
<file href="res/data/slide7.css"/>
<file href="res/data.local-only/slide7.js"/>
<file href="res/data/thmb8.png"/>
<file href="res/data/slide8.js"/>
<file href="res/data/slide8.css"/>
<file href="res/data.local-only/slide8.js"/>
<file href="res/data/thmb9.png"/>
<file href="res/data/slide9.js"/>
<file href="res/data/slide9.css"/>
<file href="res/data.local-only/slide9.js"/>
<file href="res/data/thmb10.png"/>
<file href="res/data/slide10.js"/>
<file href="res/data/slide10.css"/>
<file href="res/data.local-only/slide10.js"/>
<file href="res/data/thmb11.png"/>
<file href="res/data/slide11.js"/>
<file href="res/data/slide11.css"/>
<file href="res/data.local-only/slide11.js"/>
<file href="res/data/thmb12.png"/>
<file href="res/data/slide12.js"/>
<file href="res/data/slide12.css"/>
<file href="res/data.local-only/slide12.js"/>
<file href="res/data/thmb13.png"/>
<file href="res/data/slide13.js"/>
<file href="res/data/slide13.css"/>
<file href="res/data.local-only/slide13.js"/>
<file href="res/data/thmb14.png"/>
<file href="res/data/slide14.js"/>
<file href="res/data/slide14.css"/>
<file href="res/data.local-only/slide14.js"/>
<file href="res/data/thmb15.png"/>
<file href="res/data/slide15.js"/>
<file href="res/data/slide15.css"/>
<file href="res/data.local-only/slide15.js"/>
<file href="res/data/thmb16.png"/>
<file href="res/data/slide16.js"/>
<file href="res/data/slide16.css"/>
<file href="res/data.local-only/slide16.js"/>
<file href="res/data/thmb17.png"/>
<file href="res/data/slide17.js"/>
<file href="res/data/slide17.css"/>
<file href="res/data.local-only/slide17.js"/>
<file href="res/data/thmb18.png"/>
<file href="res/data/slide18.js"/>
<file href="res/data/slide18.css"/>
<file href="res/data.local-only/slide18.js"/>
<file href="res/data/thmb19.png"/>
<file href="res/data/slide19.js"/>
<file href="res/data/slide19.css"/>
<file href="res/data.local-only/slide19.js"/>
<file href="res/data/thmb20.png"/>
<file href="res/data/slide20.js"/>
<file href="res/data/slide20.css"/>
<file href="res/data.local-only/slide20.js"/>
<file href="res/data/thmb21.png"/>
<file href="res/data/slide21.js"/>
<file href="res/data/slide21.css"/>
<file href="res/data.local-only/slide21.js"/>
<file href="res/data/thmb22.png"/>
<file href="res/data/slide22.js"/>
<file href="res/data/slide22.css"/>
<file href="res/data.local-only/slide22.js"/>
<file href="res/data/thmb23.png"/>
<file href="res/data/slide23.js"/>
<file href="res/data/slide23.css"/>
<file href="res/data.local-only/slide23.js"/>
<file href="res/data/thmb24.png"/>
<file href="res/data/slide24.js"/>
<file href="res/data/slide24.css"/>
<file href="res/data.local-only/slide24.js"/>
<file href="res/data/thmb25.png"/>
<file href="res/data/slide25.js"/>
<file href="res/data/slide25.css"/>
<file href="res/data.local-only/slide25.js"/>
<file href="res/data/thmb26.png"/>
<file href="res/data/slide26.js"/>
<file href="res/data/slide26.css"/>
<file href="res/data.local-only/slide26.js"/>
<file href="res/data/thmb27.png"/>
<file href="res/data/slide27.js"/>
<file href="res/data/slide27.css"/>
<file href="res/data.local-only/slide27.js"/>
<file href="res/data/thmb28.png"/>
<file href="res/data/slide28.js"/>
<file href="res/data/slide28.css"/>
<file href="res/data.local-only/slide28.js"/>
<file href="res/data/thmb29.png"/>
<file href="res/data/slide29.js"/>
<file href="res/data/slide29.css"/>
<file href="res/data.local-only/slide29.js"/>
<file href="res/data/thmb30.png"/>
<file href="res/data/slide30.js"/>
<file href="res/data/slide30.css"/>
<file href="res/data.local-only/slide30.js"/>
<file href="res/data/thmb31.png"/>
<file href="res/data/slide31.js"/>
<file href="res/data/slide31.css"/>
<file href="res/data.local-only/slide31.js"/>
<file href="res/data/thmb32.png"/>
<file href="res/data/slide32.js"/>
<file href="res/data/slide32.css"/>
<file href="res/data.local-only/slide32.js"/>
<file href="res/data/thmb33.png"/>
<file href="res/data/slide33.js"/>
<file href="res/data/slide33.css"/>
<file href="res/data.local-only/slide33.js"/>
<file href="res/data/thmb34.png"/>
<file href="res/data/slide34.js"/>
<file href="res/data/slide34.css"/>
<file href="res/data.local-only/slide34.js"/>
<file href="res/data/thmb35.png"/>
<file href="res/data/slide35.js"/>
<file href="res/data/slide35.css"/>
<file href="res/data.local-only/slide35.js"/>
<file href="res/data/thmb36.png"/>
<file href="res/data/slide36.js"/>
<file href="res/data/slide36.css"/>
<file href="res/data.local-only/slide36.js"/>
<file href="res/data/thmb37.png"/>
<file href="res/data/slide37.js"/>
<file href="res/data/slide37.css"/>
<file href="res/data.local-only/slide37.js"/>
<file href="res/data/thmb38.png"/>
<file href="res/data/slide38.js"/>
<file href="res/data/slide38.css"/>
<file href="res/data.local-only/slide38.js"/>
<file href="res/data/thmb39.png"/>
<file href="res/data/slide39.js"/>
<file href="res/data/slide39.css"/>
<file href="res/data.local-only/slide39.js"/>
<file href="res/data/thmb40.png"/>
<file href="res/data/slide40.js"/>
<file href="res/data/slide40.css"/>
<file href="res/data.local-only/slide40.js"/>
<file href="res/data/thmb41.png"/>
<file href="res/data/slide41.js"/>
<file href="res/data/slide41.css"/>
<file href="res/data.local-only/slide41.js"/>
<file href="res/index.html"/>
<file href="res/data/player.js"/>
<file href="res/data/eraser.cur"/>
<file href="res/data/highlighter.cur"/>
<file href="res/data/marker.cur"/>
<file href="res/data/lock.cur"/>
<file href="res/data/browsersupport.js"/>
<file href="res/data/apple-touch-icon.png"/>
<file href="res/data/favicon.ico"/>
<file href="res/data/fnt0.woff"/>
<file href="res/data/fnt1.woff"/>
<file href="res/data/fnt2.woff"/>
<file href="res/data/fnt3.woff"/>
<file href="res/data/fnt4.woff"/>
<file href="res/data/html5-unsupported.html"/>
<file href="res/data/img0.png"/>
<file href="res/data/img1.svg"/>
<file href="res/data/img10.svg"/>
<file href="res/data/img11.svg"/>
<file href="res/data/img12.png"/>
<file href="res/data/img13.jpg"/>
<file href="res/data/img14.png"/>
<file href="res/data/img15.jpg"/>
<file href="res/data/img16.png"/>
<file href="res/data/img17.svg"/>
<file href="res/data/img18.svg"/>
<file href="res/data/img19.jpg"/>
<file href="res/data/img2.svg"/>
<file href="res/data/img20.png"/>
<file href="res/data/img21.png"/>
<file href="res/data/img22.png"/>
<file href="res/data/img23.png"/>
<file href="res/data/img24.jpg"/>
<file href="res/data/img25.jpg"/>
<file href="res/data/img26.jpg"/>
<file href="res/data/img27.svg"/>
<file href="res/data/img28.svg"/>
<file href="res/data/img29.svg"/>
<file href="res/data/img3.svg"/>
<file href="res/data/img30.png"/>
<file href="res/data/img31.png"/>
<file href="res/data/img32.png"/>
<file href="res/data/img33.png"/>
<file href="res/data/img34.png"/>
<file href="res/data/img35.png"/>
<file href="res/data/img36.png"/>
<file href="res/data/img37.jpg"/>
<file href="res/data/img38.jpg"/>
<file href="res/data/img39.jpg"/>
<file href="res/data/img4.svg"/>
<file href="res/data/img40.svg"/>
<file href="res/data/img41.svg"/>
<file href="res/data/img42.jpg"/>
<file href="res/data/img43.png"/>
<file href="res/data/img44.png"/>
<file href="res/data/img45.svg"/>
<file href="res/data/img46.jpg"/>
<file href="res/data/img47.jpg"/>
<file href="res/data/img48.svg"/>
<file href="res/data/img49.svg"/>
<file href="res/data/img5.svg"/>
<file href="res/data/img50.svg"/>
<file href="res/data/img51.svg"/>
<file href="res/data/img52.png"/>
<file href="res/data/img53.png"/>
<file href="res/data/img54.svg"/>
<file href="res/data/img55.jpg"/>
<file href="res/data/img56.png"/>
<file href="res/data/img57.png"/>
<file href="res/data/img58.png"/>
<file href="res/data/img59.jpg"/>
<file href="res/data/img6.svg"/>
<file href="res/data/img60.svg"/>
<file href="res/data/img61.png"/>
<file href="res/data/img62.png"/>
<file href="res/data/img63.png"/>
<file href="res/data/img64.svg"/>
<file href="res/data/img65.svg"/>
<file href="res/data/img66.png"/>
<file href="res/data/img67.jpg"/>
<file href="res/data/img68.png"/>
<file href="res/data/img69.jpg"/>
<file href="res/data/img7.png"/>
<file href="res/data/img70.png"/>
<file href="res/data/img71.png"/>
<file href="res/data/img72.png"/>
<file href="res/data/img73.png"/>
<file href="res/data/img74.png"/>
<file href="res/data/img75.jpg"/>
<file href="res/data/img76.png"/>
<file href="res/data/img77.jpg"/>
<file href="res/data/img78.jpg"/>
<file href="res/data/img79.jpg"/>
<file href="res/data/img8.png"/>
<file href="res/data/img80.jpg"/>
<file href="res/data/img81.png"/>
<file href="res/data/img82.svg"/>
<file href="res/data/img83.svg"/>
<file href="res/data/img84.svg"/>
<file href="res/data/img85.svg"/>
<file href="res/data/img86.png"/>
<file href="res/data/img87.png"/>
<file href="res/data/img88.svg"/>
<file href="res/data/img89.png"/>
<file href="res/data/img9.svg"/>
<file href="res/data/img90.svg"/>
<file href="res/data/goodbye.html"/>
</resource>
</resources>
</manifest>
