<?xml version="1.0" encoding="utf-8"?>
<manifest identifier="tgsvS6n1lziMD" xmlns="http://www.imsproject.org/xsd/imscp_rootv1p1p2" xmlns:adlcp="http://www.adlnet.org/xsd/adlcp_rootv1p2" xmlns:xsi="http://www.w3.org/2001/XMLSchema-instance" xmlns:lom="http://www.imsglobal.org/xsd/imsmd_rootv1p2p1" xsi:schemaLocation="http://www.imsproject.org/xsd/imscp_rootv1p1p2 imscp_rootv1p1p2.xsd http://www.imsglobal.org/xsd/imsmd_rootv1p2p1 imsmd_rootv1p2p1.xsd http://www.adlnet.org/xsd/adlcp_rootv1p2 adlcp_rootv1p2.xsd">
<metadata>
<schema>ADL SCORM</schema>
<schemaversion>1.2</schemaversion>
<lom:lom>
<lom:general>
<lom:title>
<lom:langstring>309</lom:langstring>
</lom:title>
</lom:general>
<lom:educational>
<lom:typicallearningtime>
<lom:datetime>01:00:00</lom:datetime>
</lom:typicallearningtime>
</lom:educational>
</lom:lom>
</metadata>
<organizations default="309_organization">
<organization identifier="309_organization">
<title>309</title>
<item identifier="D3460F18-EABC-44E2-B0CF-7F15EA4801C0" identifierref="resource">
<title>309</title>
</item>
</organization>
</organizations>
<resources>
<resource identifier="resource" type="webcontent" adlcp:scormtype="sco" href="res/index.html">
<file href="res/index.html"/>
<file href="res/lms.js"/>
<file href="res/data/thmb1.png"/>
<file href="res/data/slide1.js"/>
<file href="res/data/slide1.css"/>
<file href="res/data/thmb2.png"/>
<file href="res/data/slide2.js"/>
<file href="res/data/slide2.css"/>
<file href="res/data/thmb3.png"/>
<file href="res/data/slide3.js"/>
<file href="res/data/slide3.css"/>
<file href="res/data/thmb4.png"/>
<file href="res/data/slide4.js"/>
<file href="res/data/slide4.css"/>
<file href="res/data/thmb5.png"/>
<file href="res/data/slide5.js"/>
<file href="res/data/slide5.css"/>
<file href="res/data/thmb6.png"/>
<file href="res/data/slide6.js"/>
<file href="res/data/slide6.css"/>
<file href="res/data/thmb7.png"/>
<file href="res/data/slide7.js"/>
<file href="res/data/slide7.css"/>
<file href="res/data/thmb8.png"/>
<file href="res/data/slide8.js"/>
<file href="res/data/slide8.css"/>
<file href="res/data/thmb9.png"/>
<file href="res/data/slide9.js"/>
<file href="res/data/slide9.css"/>
<file href="res/data/thmb10.png"/>
<file href="res/data/slide10.js"/>
<file href="res/data/slide10.css"/>
<file href="res/data/thmb11.png"/>
<file href="res/data/slide11.js"/>
<file href="res/data/slide11.css"/>
<file href="res/data/thmb12.png"/>
<file href="res/data/slide12.js"/>
<file href="res/data/slide12.css"/>
<file href="res/data/thmb13.png"/>
<file href="res/data/slide13.js"/>
<file href="res/data/slide13.css"/>
<file href="res/data/thmb14.png"/>
<file href="res/data/slide14.js"/>
<file href="res/data/slide14.css"/>
<file href="res/data/thmb15.png"/>
<file href="res/data/slide15.js"/>
<file href="res/data/slide15.css"/>
<file href="res/data/thmb16.png"/>
<file href="res/data/slide16.js"/>
<file href="res/data/slide16.css"/>
<file href="res/data/thmb17.png"/>
<file href="res/data/slide17.js"/>
<file href="res/data/slide17.css"/>
<file href="res/data/thmb18.png"/>
<file href="res/data/slide18.js"/>
<file href="res/data/slide18.css"/>
<file href="res/data/thmb19.png"/>
<file href="res/data/slide19.js"/>
<file href="res/data/slide19.css"/>
<file href="res/data/thmb20.png"/>
<file href="res/data/slide20.js"/>
<file href="res/data/slide20.css"/>
<file href="res/data/thmb21.png"/>
<file href="res/data/slide21.js"/>
<file href="res/data/slide21.css"/>
<file href="res/data/thmb22.png"/>
<file href="res/data/slide22.js"/>
<file href="res/data/slide22.css"/>
<file href="res/data/thmb23.png"/>
<file href="res/data/slide23.js"/>
<file href="res/data/slide23.css"/>
<file href="res/index.html"/>
<file href="res/data/player.js"/>
<file href="res/data/eraser.cur"/>
<file href="res/data/highlighter.cur"/>
<file href="res/data/marker.cur"/>
<file href="res/data/lock.cur"/>
<file href="res/data/browsersupport.js"/>
<file href="res/data/apple-touch-icon.png"/>
<file href="res/data/favicon.ico"/>
<file href="res/data/fnt0.woff"/>
<file href="res/data/fnt1.woff"/>
<file href="res/data/fnt2.woff"/>
<file href="res/data/fnt3.woff"/>
<file href="res/data/fnt4.woff"/>
<file href="res/data/fnt5.woff"/>
<file href="res/data/fnt6.woff"/>
<file href="res/data/fnt7.woff"/>
<file href="res/data/fnt8.woff"/>
<file href="res/data/fnt9.woff"/>
<file href="res/data/html5-unsupported.html"/>
<file href="res/data/img0.svg"/>
<file href="res/data/img1.svg"/>
<file href="res/data/img10.png"/>
<file href="res/data/img11.svg"/>
<file href="res/data/img12.png"/>
<file href="res/data/img13.svg"/>
<file href="res/data/img14.svg"/>
<file href="res/data/img15.png"/>
<file href="res/data/img16.svg"/>
<file href="res/data/img17.svg"/>
<file href="res/data/img18.svg"/>
<file href="res/data/img19.svg"/>
<file href="res/data/img2.svg"/>
<file href="res/data/img20.svg"/>
<file href="res/data/img21.svg"/>
<file href="res/data/img22.svg"/>
<file href="res/data/img23.svg"/>
<file href="res/data/img24.svg"/>
<file href="res/data/img25.svg"/>
<file href="res/data/img26.svg"/>
<file href="res/data/img27.svg"/>
<file href="res/data/img28.svg"/>
<file href="res/data/img29.svg"/>
<file href="res/data/img3.svg"/>
<file href="res/data/img30.svg"/>
<file href="res/data/img31.svg"/>
<file href="res/data/img32.svg"/>
<file href="res/data/img33.svg"/>
<file href="res/data/img34.svg"/>
<file href="res/data/img35.svg"/>
<file href="res/data/img36.svg"/>
<file href="res/data/img37.svg"/>
<file href="res/data/img38.svg"/>
<file href="res/data/img39.svg"/>
<file href="res/data/img4.svg"/>
<file href="res/data/img40.png"/>
<file href="res/data/img41.png"/>
<file href="res/data/img42.svg"/>
<file href="res/data/img43.svg"/>
<file href="res/data/img44.svg"/>
<file href="res/data/img45.svg"/>
<file href="res/data/img46.svg"/>
<file href="res/data/img47.png"/>
<file href="res/data/img48.svg"/>
<file href="res/data/img49.svg"/>
<file href="res/data/img5.svg"/>
<file href="res/data/img50.svg"/>
<file href="res/data/img51.svg"/>
<file href="res/data/img52.svg"/>
<file href="res/data/img53.svg"/>
<file href="res/data/img54.svg"/>
<file href="res/data/img55.svg"/>
<file href="res/data/img56.svg"/>
<file href="res/data/img57.jpg"/>
<file href="res/data/img58.svg"/>
<file href="res/data/img59.jpg"/>
<file href="res/data/img6.svg"/>
<file href="res/data/img60.png"/>
<file href="res/data/img61.svg"/>
<file href="res/data/img62.jpg"/>
<file href="res/data/img63.jpg"/>
<file href="res/data/img64.svg"/>
<file href="res/data/img65.svg"/>
<file href="res/data/img66.svg"/>
<file href="res/data/img67.svg"/>
<file href="res/data/img68.svg"/>
<file href="res/data/img69.svg"/>
<file href="res/data/img7.svg"/>
<file href="res/data/img8.svg"/>
<file href="res/data/img9.svg"/>
<file href="res/data/goodbye.html"/>
</resource>
</resources>
</manifest>
