<?xml version="1.0" encoding="utf-8"?>
<manifest identifier="a4pYvznQElLvB" xmlns="http://www.imsproject.org/xsd/imscp_rootv1p1p2" xmlns:adlcp="http://www.adlnet.org/xsd/adlcp_rootv1p2" xmlns:xsi="http://www.w3.org/2001/XMLSchema-instance" xmlns:lom="http://www.imsglobal.org/xsd/imsmd_rootv1p2p1" xsi:schemaLocation="http://www.imsproject.org/xsd/imscp_rootv1p1p2 imscp_rootv1p1p2.xsd http://www.imsglobal.org/xsd/imsmd_rootv1p2p1 imsmd_rootv1p2p1.xsd http://www.adlnet.org/xsd/adlcp_rootv1p2 adlcp_rootv1p2.xsd">
<metadata>
<schema>ADL SCORM</schema>
<schemaversion>1.2</schemaversion>
<lom:lom>
<lom:general>
<lom:title>
<lom:langstring>314</lom:langstring>
</lom:title>
</lom:general>
<lom:educational>
<lom:typicallearningtime>
<lom:datetime>01:00:00</lom:datetime>
</lom:typicallearningtime>
</lom:educational>
</lom:lom>
</metadata>
<organizations default="314_organization">
<organization identifier="314_organization">
<title>314</title>
<item identifier="CB84093B-C12F-429E-8A86-65E82C2E0790" identifierref="resource">
<title>314</title>
</item>
</organization>
</organizations>
<resources>
<resource identifier="resource" type="webcontent" adlcp:scormtype="sco" href="res/index.html">
<file href="res/index.html"/>
<file href="res/lms.js"/>
<file href="res/data/thmb1.png"/>
<file href="res/data/slide1.js"/>
<file href="res/data/slide1.css"/>
<file href="res/data.local-only/slide1.js"/>
<file href="res/data/thmb2.png"/>
<file href="res/data/slide2.js"/>
<file href="res/data/slide2.css"/>
<file href="res/data.local-only/slide2.js"/>
<file href="res/data/thmb3.png"/>
<file href="res/data/slide3.js"/>
<file href="res/data/slide3.css"/>
<file href="res/data.local-only/slide3.js"/>
<file href="res/data/thmb4.png"/>
<file href="res/data/slide4.js"/>
<file href="res/data/slide4.css"/>
<file href="res/data.local-only/slide4.js"/>
<file href="res/data/thmb5.png"/>
<file href="res/data/slide5.js"/>
<file href="res/data/slide5.css"/>
<file href="res/data.local-only/slide5.js"/>
<file href="res/data/thmb6.png"/>
<file href="res/data/slide6.js"/>
<file href="res/data/slide6.css"/>
<file href="res/data.local-only/slide6.js"/>
<file href="res/data/thmb7.png"/>
<file href="res/data/slide7.js"/>
<file href="res/data/slide7.css"/>
<file href="res/data.local-only/slide7.js"/>
<file href="res/data/thmb8.png"/>
<file href="res/data/slide8.js"/>
<file href="res/data/slide8.css"/>
<file href="res/data.local-only/slide8.js"/>
<file href="res/data/thmb9.png"/>
<file href="res/data/slide9.js"/>
<file href="res/data/slide9.css"/>
<file href="res/data.local-only/slide9.js"/>
<file href="res/data/thmb10.png"/>
<file href="res/data/slide10.js"/>
<file href="res/data/slide10.css"/>
<file href="res/data.local-only/slide10.js"/>
<file href="res/data/thmb11.png"/>
<file href="res/data/slide11.js"/>
<file href="res/data/slide11.css"/>
<file href="res/data.local-only/slide11.js"/>
<file href="res/data/thmb12.png"/>
<file href="res/data/slide12.js"/>
<file href="res/data/slide12.css"/>
<file href="res/data.local-only/slide12.js"/>
<file href="res/data/thmb13.png"/>
<file href="res/data/slide13.js"/>
<file href="res/data/slide13.css"/>
<file href="res/data.local-only/slide13.js"/>
<file href="res/data/thmb14.png"/>
<file href="res/data/slide14.js"/>
<file href="res/data/slide14.css"/>
<file href="res/data.local-only/slide14.js"/>
<file href="res/data/thmb15.png"/>
<file href="res/data/slide15.js"/>
<file href="res/data/slide15.css"/>
<file href="res/data.local-only/slide15.js"/>
<file href="res/data/thmb16.png"/>
<file href="res/data/slide16.js"/>
<file href="res/data/slide16.css"/>
<file href="res/data.local-only/slide16.js"/>
<file href="res/data/thmb17.png"/>
<file href="res/data/slide17.js"/>
<file href="res/data/slide17.css"/>
<file href="res/data.local-only/slide17.js"/>
<file href="res/data/thmb18.png"/>
<file href="res/data/slide18.js"/>
<file href="res/data/slide18.css"/>
<file href="res/data.local-only/slide18.js"/>
<file href="res/data/thmb19.png"/>
<file href="res/data/slide19.js"/>
<file href="res/data/slide19.css"/>
<file href="res/data.local-only/slide19.js"/>
<file href="res/index.html"/>
<file href="res/data/player.js"/>
<file href="res/data/eraser.cur"/>
<file href="res/data/highlighter.cur"/>
<file href="res/data/marker.cur"/>
<file href="res/data/lock.cur"/>
<file href="res/data/browsersupport.js"/>
<file href="res/data/apple-touch-icon.png"/>
<file href="res/data/favicon.ico"/>
<file href="res/data/fnt0.woff"/>
<file href="res/data/fnt1.woff"/>
<file href="res/data/fnt2.woff"/>
<file href="res/data/fnt3.woff"/>
<file href="res/data/fnt4.woff"/>
<file href="res/data/fnt5.woff"/>
<file href="res/data/fnt6.woff"/>
<file href="res/data/html5-unsupported.html"/>
<file href="res/data/img0.png"/>
<file href="res/data/img1.png"/>
<file href="res/data/img2.png"/>
<file href="res/data/img3.png"/>
<file href="res/data/img4.png"/>
<file href="res/data/img5.png"/>
<file href="res/data/img6.png"/>
<file href="res/data/img7.jpg"/>
<file href="res/data/img8.png"/>
<file href="res/data/goodbye.html"/>
</resource>
</resources>
</manifest>
